,scores,centers
0,0.9978430569171906,"[18.579999923706055, 10.609999656677246, 9.4399995803833]"
1,0.992344543337822,"[18.579999923706055, 12.609999656677246, 3.440000057220459]"
