$RESNR,RESTYPE,Chains,RESNR_LIG,RESTYPE_LIG,RESCHAIN_LIG,PROT_IDX_LIST,CENTDIST,ANGLE,OFFSET,TYPE,LIG_IDX_LIST,LIGCOO,PROTCOO
415,TYR,A,1,UNL,A,"321,832,193,220,322,000,000,000",5.1,76.61,0.92,T,"44,324,433,443,444,300,000","(-18.935399999999998, -6.7208, 10.7174)","(-20.650666666666666, -6.402666666666668, 5.927166666666667)"
555,TYR,A,1,UNL,A,"432,943,304,331,433,000,000,000",4.29,21.6,1.7,P,"442,044,224,423,442,000,000,000","(-17.262333333333334, -8.7675, 14.648000000000001)","(-14.426166666666667, -6.3856666666666655, 16.819833333333335)"
555,TYR,A,1,UNL,A,"432,943,304,331,433,000,000,000",4.5,23.08,1.91,P,"442,044,224,423,442,000,000,000","(-17.458166666666667, -8.584333333333333, 14.326166666666666)","(-14.426166666666667, -6.3856666666666655, 16.819833333333335)"
415,TYR,A,1,UNL,A,"321,832,193,220,322,000,000,000",5.19,84.1,1.86,T,"44,234,424,442,544,200,000","(-19.4646, -6.2682, 10.9788)","(-20.650666666666666, -6.402666666666668, 5.927166666666667)"
555,TYR,A,1,UNL,A,"432,943,304,331,433,000,000,000",4.35,29.63,1.79,P,"44,284,429,443,044,300,000","(-16.0614, -9.3784, 14.124799999999999)","(-14.426166666666667, -6.3856666666666655, 16.819833333333335)"
555,TYR,A,1,UNL,A,"432,943,304,331,433,000,000,000",4.33,29.79,1.88,P,"44,284,429,443,044,300,000","(-16.28, -9.229, 14.1262)","(-14.426166666666667, -6.3856666666666655, 16.819833333333335)"
448,TYR,A,1,UNL,A,"349,034,913,492,349,000,000,000",4.74,79.66,1.99,T,"441,444,154,416,441,000,000,000","(-15.6915, -8.374666666666668, 10.716499999999998)","(-11.085333333333333, -7.642500000000001, 9.871333333333334)"
555,TYR,A,1,UNL,A,"432,943,304,331,433,000,000,000",3.89,18.15,1.79,P,"441,944,204,421,442,000,000,000","(-17.578, -8.513499999999999, 16.0075)","(-14.426166666666667, -6.3856666666666655, 16.819833333333335)"
415,TYR,A,1,UNL,A,"321,832,193,220,322,000,000,000",4.77,89.89,1.94,T,"442,444,254,426,442,000,000,000","(-16.4495, -8.538000000000002, 6.660333333333333)","(-20.650666666666666, -6.402666666666668, 5.927166666666667)"
555,TYR,A,1,UNL,A,"432,943,304,331,433,000,000,000",3.92,26.9,1.76,P,"443,344,344,435,443,000,000,000","(-16.69, -9.1545, 15.217999999999998)","(-14.426166666666667, -6.3856666666666655, 16.819833333333335)"
