$RESNR,RESTYPE,Chains,PROT_IDX_LIST,RESNR_LIG,RESTYPE_LIG,RESCHAIN_LIG,DIST,PROTISPOS,LIG_GROUP,LIG_IDX_LIST,LIGCOO,PROTCOO
158,ARG,X,"1,197,548,954,915,490",1,UNL,A,5.11,TRUE,Carboxylate,"86,278,628","(9.9465, 12.993, -16.227)","(8.524, 8.498750000000001, -14.26575)"
158,ARG,X,"1,197,548,954,915,490",1,UNL,A,4.48,TRUE,Carboxylate,"86,298,630","(9.537500000000001, 11.968499999999999, -16.9195)","(8.524, 8.498750000000001, -14.26575)"
158,ARG,X,"1,197,548,954,915,490",1,UNL,A,4.89,TRUE,Carboxylate,"86,298,630","(9.6275, 12.2965, -17.133499999999998)","(8.524, 8.498750000000001, -14.26575)"
158,ARG,X,"1,197,548,954,915,490",1,UNL,A,4.94,TRUE,Carboxylate,"86,178,616","(8.922, 12.72, -11.7225)","(8.524, 8.498750000000001, -14.26575)"
