,scores,centers
0,0.9981400221586227,"[17.6200008392334, 33.689998626708984, 70.91000366210938]"
1,0.9901732951402664,"[39.619998931884766, 13.6899995803833, 56.90999984741211]"
