,scores,centers
0,0.9987298250198364,"[24.649999618530273, -1.0099999904632568, 45.869998931884766]"
1,0.9562773257493973,"[24.649999618530273, 4.989999771118164, 9.869999885559082]"
2,0.9103301465511322,"[36.650001525878906, 28.989999771118164, 39.869998931884766]"
