,scores,centers
0,0.9976534247398376,"[38.66999816894531, -12.380000114440918, -17.469999313354492]"
1,0.9722535163164139,"[28.670000076293945, 13.619999885559082, -43.470001220703125]"
