,scores,centers
0,0.9980946332216263,"[80.5999984741211, 10.069999694824219, -21.489999771118164]"
1,0.9829906672239304,"[80.5999984741211, -13.930000305175781, -25.489999771118164]"
2,0.9114603847265244,"[76.5999984741211, 4.070000171661377, 10.510000228881836]"
